<?xml version="1.0"?>
<doc>
    <assembly>
        <name>EchosCommunicator</name>
    </assembly>
    <members>
        <member name="T:EchosCommunicator.BatchPoster">
            <summary>
            Used to start asynchronous batch updates.
            </summary>
        </member>
        <member name="M:EchosCommunicator.BatchPoster.#ctor">
            <summary>
            Hide the default constructor.
            </summary>
        </member>
        <member name="M:EchosCommunicator.BatchPoster.#ctor(EchosCommunicator.BatchType,System.Int32,System.Int32)">
            <summary>
            Initializes the member variables to values passed.
            </summary>
            <param name="type"><see cref="P:EchosCommunicator.BatchPoster.Type"/></param>
            <param name="numberToGet"><see cref="P:EchosCommunicator.BatchPoster.NumberToGet"/></param>
            <param name="regetTimeout"><see cref="P:EchosCommunicator.BatchPoster.RegetTimeout"/></param>
        </member>
        <member name="M:EchosCommunicator.BatchPoster.Start">
            <summary>
            Starts the update process.
            </summary>
        </member>
        <member name="M:EchosCommunicator.BatchPoster.DoWork">
            <summary>
            Starts the update process.
            </summary>
        </member>
        <member name="P:EchosCommunicator.BatchPoster.Type">
            <summary>
            Type of batch this instance is running.
            </summary>
        </member>
        <member name="P:EchosCommunicator.BatchPoster.NumberToGet">
            <summary>
            Number of records to get in this batch.
            </summary>
        </member>
        <member name="P:EchosCommunicator.BatchPoster.RegetTimeout">
            <summary>
            Number of minutes since last attempt to wait 
            before re-getting particular batch items.
            </summary>
        </member>
        <member name="T:EchosCommunicator.Cryptography">
            <summary>
            Provides symmetric encryption/decryption services.
            </summary>
        </member>
        <member name="M:EchosCommunicator.Cryptography.Encrypt(System.String)">
            <summary>
            Encrypts the given text using the system default algorithm, key, and initialization vector.
            This really should not be used unless the default key is more secure than the key that you might pass in.
            </summary>
            <param name="text">Text to encrypt.</param>
            <returns>Encrypted text.</returns>
        </member>
        <member name="M:EchosCommunicator.Cryptography.Encrypt(System.String,System.String)">
            <summary>
            Encrypts the given text using the given key.  Uses system default algorithm and initialization vector.
            </summary>
            <param name="text">Text to encrypt.</param>
            <param name="key">Key to use in encryption.</param>
            <returns>Encrypted text.</returns>
        </member>
        <member name="M:EchosCommunicator.Cryptography.Encrypt(System.String,System.String,System.String)">
            <summary>
            Encrypts the given text using the given key and initialization vector.  Uses system default algorithm.
            </summary>
            <param name="text">Text to encrypt.</param>
            <param name="key">Key to use in encryption.</param>
            <param name="IV">Initialization vector for the algorithm.</param>
            <returns>Encrypted text.</returns>
        </member>
        <member name="M:EchosCommunicator.Cryptography.Encrypt(System.String,System.String,System.String,System.String)">
            <summary>
            Encrypts the given text using the given key, initialization vector, and algorithm.
            </summary>
            <param name="text">Text to encrypt.</param>
            <param name="key">Key to use in encryption.</param>
            <param name="IV">Initialization vector for the algorithm.</param>
            <param name="algorithmName">Name of the algorithm to use.</param>
            <returns>Encrypted text.</returns>
        </member>
        <member name="M:EchosCommunicator.Cryptography.Decrypt(System.String)">
            <summary>
            Decrypts the given text using the system default algorithm, key, and initialization vector.
            </summary>
            <param name="text">Text to decrypt.</param>
            <returns>Decrypted text.</returns>
        </member>
        <member name="M:EchosCommunicator.Cryptography.Decrypt(System.String,System.String)">
            <summary>
            Decrypts the given text using the given key.  Uses system default algorithm and initialization vector.
            </summary>
            <param name="text">Text to decrypt.</param>
            <param name="key">Key to use in decryption.</param>
            <returns>Decrypted text.</returns>
        </member>
        <member name="M:EchosCommunicator.Cryptography.Decrypt(System.String,System.String,System.String)">
            <summary>
            Decrypts the given text using the given key and initialization vector.  Uses system default algorithm.
            </summary>
            <param name="text">Text to decrypt.</param>
            <param name="key">Key to use in decryption.</param>
            <param name="IV">Initialization vector for the algorithm.</param>
            <returns>Decrypted text.</returns>
        </member>
        <member name="M:EchosCommunicator.Cryptography.Decrypt(System.String,System.String,System.String,System.String)">
            <summary>
            Decrypts the given text using the given key, initialization vector, and algorithm.
            </summary>
            <param name="text">Text to decrypt.</param>
            <param name="key">Key to use in decryption.</param>
            <param name="IV">Initialization vector for the algorithm.</param>
            <param name="algorithmName">Name of the algorithm to use.</param>
            <returns>Decrypted text.</returns>
        </member>
        <member name="M:EchosCommunicator.Cryptography.GetLegalKeySizes(System.String)">
            <summary>
            Gets the legal key sizes in byte length for the given algorithm.
            </summary>
            <param name="algorithmName">Algorithm to get key sizes for.</param>
            <returns>Legal key sizes in byte length for the given algorithm.</returns>
        </member>
        <member name="M:EchosCommunicator.Cryptography.GetStandardIV">
            <summary>
            Gets the system standard initialization vector.
            </summary>
            <returns>The system standard initialization vector.</returns>
        </member>
        <member name="M:EchosCommunicator.Cryptography.GetStandardKey">
            <summary>
            Gets the system standard key.  This really should not be used unless it is more secure than the key that you might pass in.
            </summary>
            <returns>The system standard key.</returns>
        </member>
        <member name="M:EchosCommunicator.Cryptography.GetStandardAlgorithm">
            <summary>
            Gets the system standard algorithm.
            </summary>
            <returns>The system standard algorithm.</returns>
        </member>
        <member name="M:EchosCommunicator.Cryptography.GetLegalKey(System.String,System.String)">
            <summary>
            Gets a legal sized key for the given algorithm.
            </summary>
            <param name="key">Key passed to check and, if needed, modify for valid length.</param>
            <param name="algorithmName">Name of algorithm to get key for.</param>
            <returns>A legal sized key for the given algorithm.</returns>
        </member>
        <member name="T:EchosCommunicator.BatchType">
            <summary>
            Types of batch updates that can
            be sent to Echos.
            </summary>
        </member>
        <member name="F:EchosCommunicator.BatchType.PaymentArrangement">
            <summary>
            Used for all payment arrangement actions.
            </summary>
        </member>
        <member name="F:EchosCommunicator.BatchType.Correspondence">
            <summary>
            Used for all correspondence actions.
            </summary>
        </member>
        <member name="F:EchosCommunicator.BatchType.AccountAction">
            <summary>
            Used for all account actions.
            </summary>
        </member>
        <member name="F:EchosCommunicator.BatchType.ReclassifyAccount">
            <summary>
            Used for all account reclassifications.
            </summary>
        </member>
        <member name="F:EchosCommunicator.BatchType.Note">
            <summary>
            Used for all notes.
            </summary>
        </member>
        <member name="F:EchosCommunicator.BatchType.PaymentArrangementPrevious">
            <summary>
            Used for all previous day's payment arrangement actions.
            </summary>
        </member>
        <member name="T:EchosCommunicator.EchosPoster">
            <summary>
            Provides methods to update Echos.
            </summary>
        </member>
        <member name="M:EchosCommunicator.EchosPoster.#ctor(System.String,System.Int32,RMICW_ECHOSInterfaceCOMMON.RMICWEchosInput,NSAccountData.LoginInfo)">
            <summary>
            Echos Poster Constructor
            </summary>
            <param name="type">Type of update.</param>
            <param name="dbId">Database Id for this update's record.</param>
            <param name="input">Echos input to post.</param>
            <param name="credentials">Credentials to use for post.</param>
        </member>
        <member name="M:EchosCommunicator.EchosPoster.BeginSendToEchos">
            <summary>
            Starts new thread to update echos using the instance's Echos input and credentials.
            </summary>
        </member>
        <member name="M:EchosCommunicator.EchosPoster.SendToEchos">
            <summary>
            Posts this instance's Echos input and credentials.
            </summary>
        </member>
        <member name="F:EchosCommunicator.EchosPoster.ERR_POST_ITEM">
            <summary>
            Error message to use when posting to Echos.  Use String.Format and pass in two 
            parameters.  First should be type of item; second should be item dbId.
            </summary>
        </member>
        <member name="M:EchosCommunicator.EchosPoster.#cctor">
            <summary>
            Static Constructor
            </summary>
            <remarks>Initializes the tableDictionary data.</remarks>
        </member>
        <member name="M:EchosCommunicator.EchosPoster.BeginUpdates(EchosCommunicator.BatchType,System.Int32,System.Int32)">
            <summary>
            Polls the database for unsent items of the specified batch type and updates Echos with the ones found.
            </summary>
            <param name="type">Type of batch to start.</param>
            <param name="numberToGet">Number of items to get in this batch.</param>
            <param name="regetTimeout">Number of minutes to wait before attempting to resend
            previously unsuccessful batch items.</param>
            <remarks>The <i>regetTimeout</i> parameter is used to compare to the last retrieved time on
            items that have previously been retrieved for batch processing.  If the number of minutes
            specified in this parameter is less than the difference between now and the last retrieval
            time, the item will be retrieved again for a subsequent attempt to send.
            <p>This method is used to guard against multiple threads getting the same items to send 
            simultaneously, so the <i>regetTimeout</i> should be greater than the amount of time 
            expected to process the number of items in <i>numberToGet</i>.</p>
            <p>Typically, <i>numberToGet</i> should be constant for a batch type across all asynchronous
            calls to BeginUpdate in order to more accurately specify the <i>regetTimeout</i>.</p></remarks>
        </member>
        <member name="M:EchosCommunicator.EchosPoster.BatchFactory(EchosCommunicator.BatchType,System.Int32)">
            <summary>
            Gets the appropriate type of array for the batch updates.
            </summary>
            <param name="type">Type of array to get.</param>
            <param name="count">Length of the array.</param>
            <returns>The appropriate type of array for the batch updates.</returns>
        </member>
        <member name="M:EchosCommunicator.EchosPoster.HydrateItem(EchosCommunicator.BatchType,System.Data.SqlClient.SqlDataReader)">
            <summary>
            Reconstitutes the appropriate item by the type of batch being run.
            </summary>
            <param name="type"></param>
            <param name="dr"></param>
            <returns></returns>
        </member>
        <member name="M:EchosCommunicator.EchosPoster.HydratePtpLegs(NSAccountData.PaymentArrangement[],System.Int32,System.Data.SqlClient.SqlConnection)">
            <summary>
            Reconstitutes the Ptps legs from the database.
            </summary>
            <param name="ptps">Array of Ptps.</param>
            <param name="count"># of instantiated Ptps in the array.</param>
            <param name="conn">Connection to use.</param>
        </member>
        <member name="M:EchosCommunicator.EchosPoster.UpdateEchosEntryTimeInSQL(EchosCommunicator.BatchType,System.Int32)">
            <summary>
            Updates the given record's sent to Echos timestamp in the db.
            </summary>
            <param name="type">Type of update.</param>
            <param name="identityVal">Database Id for record.</param>
        </member>
        <member name="M:EchosCommunicator.EchosPoster.PostPtp(NSAccountData.PaymentArrangement,NSAccountData.LoginInfo)">
            <summary>
            Posts the given Ptp synchronously to Echos using the given login info.
            </summary>
            <param name="ptp">Ptp to post.</param><param name="credentials">Credentials to login with.</param><overloads>Posts the given Ptp to Echos.</overloads><remarks>If the ptp has a DbId assigned (greater than 0), this method will call the MarkAsSentToEchos 
			method on the Ptp.  In that case, the user needs to ensure that the Ptp has also been assigned a 
			ConnectionString to the database containing the corresponding DbId.
			<p>If a blank (empty string) is passed for username, the interface will attempt to logon using its
			built-in, database managed logon IDs.</p>
			<p>The following constraints to members of the PaymentArrangement class will be enfored:</p>
			<ul>
				<li>Account number cannot be null or empty string.</li>
				<li>At least one installment must be passed.</li>
				<li>Create date must be a valid date that can be parsed using <see cref="M:System.DateTime.Parse(System.String)"/>.</li>
				<li>Each installment's frequency can only have one the following single-character codes: 'S', 'W', 'B', 'M', 'C'.</li>
				<li>Each installment's pay promise date must be a valid date that can be parsed using <see cref="M:System.DateTime.Parse(System.String)"/>.</li>
				<li>IO can only have one of the following single-character codes: 'I', 'O', or 'R'.</li>
				<li>The note can only be up to 50 characters.  It will be truncated if longer.</li>
				<li>Environment, aka Region, must be one of the following: 'tNE', 'tNY', 'tNPD', 'tMDVW' or 'tLD'.</li>
			</ul></remarks>
        </member>
        <member name="M:EchosCommunicator.EchosPoster.PostPtp(NSAccountData.PaymentArrangement,NSAccountData.LoginInfo,System.Boolean)">
            <summary>
            Posts the given Ptp to Echos using the given login info and thread usage specification.
            </summary>
            <param name="doAsync">Specifies whether to post the item asynchronously or not.</param>
            <param name="ptp">Ptp to post.</param><param name="credentials">Credentials to login with.</param><overloads>Posts the given Ptp to Echos.</overloads><remarks>If the ptp has a DbId assigned (greater than 0), this method will call the MarkAsSentToEchos 
			method on the Ptp.  In that case, the user needs to ensure that the Ptp has also been assigned a 
			ConnectionString to the database containing the corresponding DbId.
			<p>If a blank (empty string) is passed for username, the interface will attempt to logon using its
			built-in, database managed logon IDs.</p>
			<p>The following constraints to members of the PaymentArrangement class will be enfored:</p>
			<ul>
				<li>Account number cannot be null or empty string.</li>
				<li>At least one installment must be passed.</li>
				<li>Create date must be a valid date that can be parsed using <see cref="M:System.DateTime.Parse(System.String)"/>.</li>
				<li>Each installment's frequency can only have one the following single-character codes: 'S', 'W', 'B', 'M', 'C'.</li>
				<li>Each installment's pay promise date must be a valid date that can be parsed using <see cref="M:System.DateTime.Parse(System.String)"/>.</li>
				<li>IO can only have one of the following single-character codes: 'I', 'O', or 'R'.</li>
				<li>The note can only be up to 50 characters.  It will be truncated if longer.</li>
				<li>Environment, aka Region, must be one of the following: 'tNE', 'tNY', 'tNPD', 'tMDVW' or 'tLD'.</li>
			</ul></remarks>
        </member>
        <member name="M:EchosCommunicator.EchosPoster.CreateCorrespondence(NSAccountData.Correspondence,NSAccountData.LoginInfo)">
            <summary>
            Creates correspondence synchronously for the given account.
            </summary>
            <param name="data">Account corresondence data.</param><param name="credentials">Credentials to login with.</param><overloads>Creates correspondence for the given account.</overloads>
        </member>
        <member name="M:EchosCommunicator.EchosPoster.CreateCorrespondence(NSAccountData.Correspondence,NSAccountData.LoginInfo,System.Boolean)">
            <summary>
            Creates correspondence for the given account using given thread usage specification.
            </summary>
            <param name="doAsync">Specifies whether to post the item asynchronously or not.</param>
            <param name="data">Account corresondence data.</param><param name="credentials">Credentials to login with.</param><overloads>Creates correspondence for the given account.</overloads>
        </member>
        <member name="M:EchosCommunicator.EchosPoster.TakeAction(NSAccountData.AccountAction,NSAccountData.LoginInfo)">
            <summary>
            Enters the given action and other data associated with the action synchronously for the given account.
            </summary>
            <param name="action">Action structure containing data about the requested action.</param><param name="credentials">Credentials to login with.</param><overloads>Updates the given account in echos with the action provided.</overloads><remarks>
			<p>If a blank (empty string) is passed for username, the interface will attempt to logon using its
			built-in, database managed logon IDs.</p>
			<p>The following constraints to members of the AccountAction class will be enfored:</p>
			<ul>
				<li>Account number cannot be null or empty string.</li>
				<li>IO can only have one of the following single-character codes: 'I', 'O', or 'R'.</li>
				<li>If Amount is 0, it will not be passed to the interface.</li>
				<li>The sub action cannot be empty or null.</li>
				<li>If the requeue date is equal to <see cref="F:System.DateTime.MinValue"/>, it will not be passed.</li>
				<li>If the requeue time is midnight, it will not be passed.</li>
				<li>Responsible party can only be up to 15 characters.  It will be truncated if longer.</li>
				<li>The note can only be up to 50 characters.  It will be truncated if longer.</li>
				<li>Environment, aka Region, must be one of the following: 'tNE', 'tNY', 'tNPD', or 'tMDVW'.</li>
			</ul>
			<p>The create date, aka action date will always be set to the current date.</p></remarks>
        </member>
        <member name="M:EchosCommunicator.EchosPoster.TakeAction(NSAccountData.AccountAction,NSAccountData.LoginInfo,System.Boolean)">
            <summary>
            Enters the given action and other data associated with the action for the given account using given thread specification.
            </summary>
            <param name="doAsync">Specifies whether to post the item asynchronously or not.</param>
            <param name="action">Action structure containing data about the requested action.</param><param name="credentials">Credentials to login with.</param><overloads>Updates the given account in echos with the action provided.</overloads><remarks>
			<p>If a blank (empty string) is passed for username, the interface will attempt to logon using its
			built-in, database managed logon IDs.</p>
			<p>The following constraints to members of the AccountAction class will be enfored:</p>
			<ul>
				<li>Account number cannot be null or empty string.</li>
				<li>IO can only have one of the following single-character codes: 'I', 'O', or 'R'.</li>
				<li>If Amount is 0, it will not be passed to the interface.</li>
				<li>The sub action cannot be empty or null.</li>
				<li>If the requeue date is equal to <see cref="F:System.DateTime.MinValue"/>, it will not be passed.</li>
				<li>If the requeue time is midnight, it will not be passed.</li>
				<li>Responsible party can only be up to 15 characters.  It will be truncated if longer.</li>
				<li>The note can only be up to 50 characters.  It will be truncated if longer.</li>
				<li>Environment, aka Region, must be one of the following: 'tNE', 'tNY', 'tNPD', or 'tMDVW'.</li>
			</ul>
			<p>The create date, aka action date will always be set to the current date.</p></remarks>
        </member>
        <member name="M:EchosCommunicator.EchosPoster.CreateClaims(NSAccountData.AccountProfile,NSAccountData.LoginInfo)">
            <summary>
            Creates a claim in Echos synchronously for all <see cref="T:NSAccountData.AccountProfile"/> claims amounts that are greater than 0.
            </summary>
            <param name="profile">Profile with claims to create.</param><param name="credentials">Credentials to login with.</param><overloads>Creates a claim in Echos for all <see cref="T:NSAccountData.AccountProfile"/> claims amounts that are greater than 0.</overloads>
        </member>
        <member name="M:EchosCommunicator.EchosPoster.CreateClaims(NSAccountData.AccountProfile,NSAccountData.LoginInfo,System.Boolean)">
            <summary>
            Creates a claim in Echos for all <see cref="T:NSAccountData.AccountProfile"/> claims amounts that are greater than 0 using the 
            given thread usage specfication.
            </summary>
            <param name="doAsync">Specifies whether to post the item asynchronously or not.</param>
            <param name="profile">Profile with claims to create.</param><param name="credentials">Credentials to login with.</param><overloads>Creates a claim in Echos for all <see cref="T:NSAccountData.AccountProfile"/> claims amounts that are greater than 0.</overloads>
        </member>
        <member name="M:EchosCommunicator.EchosPoster.UpdateProfile(NSAccountData.AccountProfile,NSAccountData.LoginInfo)">
            <summary>
            Updates account profile with given data synchronously.
            </summary>
            <param name="profile">New profile data.</param><param name="credentials">Credentials to login with.</param><overloads>Updates account profile with given data.</overloads>
        </member>
        <member name="M:EchosCommunicator.EchosPoster.UpdateProfile(NSAccountData.AccountProfile,NSAccountData.LoginInfo,System.Boolean)">
            <summary>
            Updates account profile with given data with the given thread usage specification.
            </summary>
            <param name="doAsync">Specifies whether to post the item asynchronously or not.</param>
            <param name="profile">New profile data.</param><param name="credentials">Credentials to login with.</param><overloads>Updates account profile with given data.</overloads>
        </member>
        <member name="M:EchosCommunicator.EchosPoster.UpdateProfile(NSAccountData.AccountProfile,NSAccountData.LoginInfo,System.String,System.Double,System.Boolean)">
            <summary>
            Updates account profile with given data with the given thread usage specification.
            </summary>
            <param name="claimCode">Claim code to update claim for; blank if none.</param>
            <param name="claimAmount">Claim amount to update claim for; -1 if none, 0 to clear.</param>
            <param name="doAsync">Specifies whether to post the item asynchronously or not.</param>
            <param name="profile">New profile data.</param><param name="credentials">Credentials to login with.</param><overloads>Updates account profile with given data.</overloads>
        </member>
        <member name="M:EchosCommunicator.EchosPoster.AddMemoNote(NSAccountData.MemoNotes,NSAccountData.LoginInfo)">
            <summary>
            Adds a Memonote to the account in Echos synchronously.
            </summary>
        </member>
        <member name="M:EchosCommunicator.EchosPoster.AddMemoNote(NSAccountData.MemoNotes,NSAccountData.LoginInfo,System.Boolean)">
            <summary>
            Adds a Memonote to the account in Echos with the given thread usage specification.
            </summary>
            <param name="doAsync">Specifies whether to post the item asynchronously or not.</param>
            <!-- No matching elements were found for the following include tag --><include file="EchosPoster.xml" path="//Method[@name=&quot;AddMemoNote&quot;]/docs/*"/>
        </member>
        <member name="M:EchosCommunicator.EchosPoster.AddNote(NSAccountData.Notes,NSAccountData.LoginInfo)">
            <summary>
            Adds a note to the account in Echos synchronously.
            </summary>
            <param name="notes">Note to add.</param><param name="credentials">Credentials to login with.</param><overloads>Adds a note to the account in Echos.</overloads>
        </member>
        <member name="M:EchosCommunicator.EchosPoster.AddNote(NSAccountData.Notes,NSAccountData.LoginInfo,System.Boolean)">
            <summary>
            Adds a note to the account in Echos with the given thread usage specification.
            </summary>
            <param name="doAsync">Specifies whether to post the item asynchronously or not.</param>
            <param name="notes">Note to add.</param><param name="credentials">Credentials to login with.</param><overloads>Adds a note to the account in Echos.</overloads>
        </member>
        <member name="M:EchosCommunicator.EchosPoster.ReclassifyAccount(NSAccountData.AccountReClassification,NSAccountData.LoginInfo)">
            <summary>
            Reclassifies the account in Echos synchronously.
            </summary>
            <param name="data">Account reclassification details.</param><param name="credentials">Credentials to login with.</param><overloads>Reclassifies the account in Echos.</overloads>
        </member>
        <member name="M:EchosCommunicator.EchosPoster.ReclassifyAccount(NSAccountData.AccountReClassification,NSAccountData.LoginInfo,System.Boolean)">
            <summary>
            Reclassifies the account in Echos using specified thread usage.
            </summary>
            <param name="doAsync">Specifies whether to post the item asynchronously or not.</param>
            <param name="data">Account reclassification details.</param><param name="credentials">Credentials to login with.</param><overloads>Reclassifies the account in Echos.</overloads>
        </member>
        <member name="M:EchosCommunicator.EchosPoster.RefreshPassword(System.String,System.String,System.String)">
            <summary>
            Will reset the stored password for all as-yet unsent batchable items in Echos.
            </summary>
            <param name="region">Region this login is for.</param>
            <param name="username">Username</param>
            <param name="newPassword">New password to store.</param>
            <remarks>Will create a new login time and use that to encrypt the password.</remarks>
        </member>
        <member name="M:EchosCommunicator.EchosPoster.ValidateLogin(System.String,System.String)">
            <summary>
            Gets a login collection containing all regions in which the given username
            and password are valid.  Password will be encrypted if valid in any regions.
            </summary>
            <param name="username">Username.</param>
            <param name="password">Password.</param>
            <returns>A login collection containing all regions in which the given username
            and password are valid.</returns>
        </member>
        <member name="M:EchosCommunicator.EchosPoster.DlgtValidateLogin(System.String,System.String)">
            <summary>
            Gets a login collection containing all regions in which the given username
            and password are valid.  Password will be encrypted if valid in any regions.
            </summary>
            <param name="username">Username.</param>
            <param name="password">Password.</param>
            <returns>A login collection containing all regions in which the given username
            and password are valid.</returns>
        </member>
        <member name="M:EchosCommunicator.EchosPoster.ValidateLogin(System.String,System.String,System.String)">
            <summary>
            Validates login info and returns structure containing response code and login data.  Will encrypt password on successful login.
            </summary>
            <param name="region">Region/Environment</param>
            <param name="username">Username</param>
            <param name="password">Password.</param>
            <returns>Structure containing response code and login data</returns>
        </member>
        <member name="M:EchosCommunicator.EchosPoster.GetLines(System.String,System.Int32,System.Int32)">
            <summary>
            Gets up to the specified number of lines with the specified length from the given string.
            </summary>
            <param name="note">Text to split into lines.</param>
            <param name="numberLines">Maximum number of lines.</param>
            <param name="lineLength">Maximum length per line.</param>
            <returns>Up to the specified number of lines with the specified length from the given string.</returns>
            <remarks>
            <p>A word is assumed to be any set of contiguous non-space characters, i.e., words are assumed to be separated by spaces.</p>
            <p>If a word is longer than the maximum length per line, it will be truncated.</p>
            <p>Returned array will be initialized to <i>numberLines</i>, but some lines may be null if the given
            string is not long enough to fill all lines.</p>
            <p>Paragraph formatters will be removed from text before splitting.</p>
            <p><b>Exceptions:</b></p>
            <ul>
            <li>An <see cref="T:System.ArgumentNullException"/> will be thrown if <i>note</i> is null.</li>
            <li>An <see cref="T:System.ArgumentOutOfRangeException"/> will be thrown if <i>numberLines</i> or <i>lineLength</i> is 
            less than or equal to zero.</li>
            </ul>
            </remarks>
        </member>
        <member name="P:EchosCommunicator.EchosPoster.DbConnectionString">
            <summary>
            Connection string used for db access in EchosPoster methods.
            </summary>
        </member>
        <member name="T:EchosCommunicator.LoginCollection">
            <summary>
            Collection of <see cref="T:NSAccountData.LoginInfo"/> objects.
            </summary>
        </member>
        <member name="F:EchosCommunicator.LoginCollection.Regions">
            <summary>
            Valid logins for the given username and password.
            </summary>
        </member>
        <member name="F:EchosCommunicator.LoginCollection.Username">
            <summary>
            Username valid for all regions in collection.
            </summary>
        </member>
        <member name="F:EchosCommunicator.LoginCollection.Password">
            <summary>
            Password valid for all regions in collections.
            </summary>
        </member>
        <member name="F:EchosCommunicator.LoginCollection.LoginTime">
            <summary>
            Login time.
            </summary>
        </member>
        <member name="F:EchosCommunicator.LoginCollection.HasValidLogin">
            <summary>
            Specifies whether or not the username and password
            are valid in any region.
            </summary>
        </member>
        <member name="M:EchosCommunicator.LoginCollection.#ctor">
            <summary>
            Default constructor.
            </summary>
        </member>
        <member name="M:EchosCommunicator.LoginCollection.#ctor(System.String,System.String)">
            <summary>
            Constructor to set the username and password.
            </summary>
            <param name="username">Username.</param>
            <param name="password">Password.</param>
        </member>
        <member name="M:EchosCommunicator.LoginCollection.Add(System.String)">
            <summary>
            Adds a new region that the credentials are valid in.
            </summary>
            <param name="region">Region.</param>
        </member>
        <member name="M:EchosCommunicator.LoginCollection.Remove(System.Int32)">
            <summary>
            Remove the region at the specified index.
            </summary>
            <param name="index">Index of region to remove.</param>
        </member>
        <member name="M:EchosCommunicator.LoginCollection.Remove(System.String)">
            <summary>
            Remove specified region.
            </summary>
            <param name="region">Region to remove.</param>
        </member>
        <member name="M:EchosCommunicator.LoginCollection.Clear">
            <summary>
            Clear the regions collection.
            </summary>
        </member>
        <member name="T:EchosCommunicator.LoginManager">
            <summary>
            Utility class for managing Echos logins.
            </summary>
        </member>
        <member name="M:EchosCommunicator.LoginManager.GetEchosLoginInfo(System.String)">
            <summary>
            Gets login information for the specified region.
            </summary>
            <param name="region">Region to get login information for.</param>
            <returns>Requested login information.</returns>
        </member>
        <member name="M:EchosCommunicator.LoginManager.ReleaseLogins(System.String,System.Int32)">
            <summary>
            Releases the specified number of logins.
            </summary>
            <param name="region">Regino to release.</param>
            <param name="number">Number of logins to release.</param>
        </member>
        <member name="M:EchosCommunicator.LoginManager.ReleaseLogins(System.String)">
            <summary>
            Releases all logins for the region.
            </summary>
            <param name="region">Regino to release.</param>
        </member>
        <member name="M:EchosCommunicator.LoginManager.ReleaseSpecificLogin(System.String,System.Int32)">
            <summary>
            Releases the specific login for the region.
            </summary>
            <param name="region">Region login is for.</param>
            <param name="index">Index in login list.</param>
        </member>
        <member name="M:EchosCommunicator.LoginManager.DeactivateLogin(System.String,System.Int32)">
            <summary>
            Deactivates the specific login for the region.
            </summary>
            <param name="region">Region login is for.</param>
            <param name="index">Index in login list.</param>
        </member>
        <member name="T:EchosCommunicator.EchosLogin">
            <summary>
            Class containing individual Echos login information.
            </summary>
        </member>
        <member name="F:EchosCommunicator.EchosLogin.Username">
            <summary>
            Username
            </summary>
        </member>
        <member name="F:EchosCommunicator.EchosLogin.Password">
            <summary>
            Password
            </summary>
        </member>
        <member name="F:EchosCommunicator.EchosLogin.Used">
            <summary>
            Login currently marked as used.
            </summary>
        </member>
        <member name="M:EchosCommunicator.EchosLogin.#ctor">
            <summary>
            Default constructor
            </summary>
        </member>
        <member name="M:EchosCommunicator.EchosLogin.#ctor(System.String,System.String,System.Boolean)">
            <summary>
            Creates a new instance w/ the specified values.
            </summary>
            <param name="username">Username</param>
            <param name="password">Password</param>
            <param name="used">Login currently marked as used.</param>
        </member>
        <member name="T:EchosCommunicator.EchosLoginCollection">
            <summary>
            Simple collection of EchosLogin objects that can be used for databinding.
            </summary>
        </member>
        <member name="M:EchosCommunicator.EchosLoginCollection.Add(System.Object)">
            <summary>
            Adds an object.
            </summary>
            <param name="item">Item must be EchosLogin type.</param>
        </member>
        <member name="M:EchosCommunicator.EchosLoginCollection.Add(EchosCommunicator.EchosLogin)">
            <summary>
            Adds the login to the collection.
            </summary>
            <param name="item">Echos login to add.</param>
        </member>
        <member name="M:EchosCommunicator.EchosLoginCollection.ToArray">
            <summary>
            Gets an array of LoginList items.
            </summary>
            <returns>An array of LoginList items.</returns>
        </member>
        <member name="M:EchosCommunicator.EchosLoginCollection.GetEnumerator">
            <summary>
            Gets an enumerator for this collection.
            </summary>
            <returns>An enumerator for this collection.</returns>
        </member>
        <member name="T:EchosCommunicator.EchosLoginInfo">
            <summary>
            Class used manage login information for a region.
            </summary>
        </member>
        <member name="F:EchosCommunicator.EchosLoginInfo.Region">
            <summary>
            Region this information applies to.
            </summary>
        </member>
        <member name="F:EchosCommunicator.EchosLoginInfo.NumberAvailable">
            <summary>
            Total number of logins for the particular region.
            </summary>
        </member>
        <member name="F:EchosCommunicator.EchosLoginInfo.NumberUsed">
            <summary>
            Number of used logins for the particular region.
            </summary>
        </member>
        <member name="F:EchosCommunicator.EchosLoginInfo.LoginList">
            <summary>
            Collection of logins for the region.
            </summary>
        </member>
        <member name="M:EchosCommunicator.EchosLoginInfo.#ctor">
            <summary>
            Default constructor
            </summary>
        </member>
        <member name="M:EchosCommunicator.EchosLoginInfo.#ctor(System.String)">
            <summary>
            Constructs the object for the given region.
            </summary>
            <param name="region">Region to retrieve login information for.</param>
        </member>
    </members>
</doc>
