<?xml version="1.0"?>
<doc>
    <assembly>
        <name>EchosUtilities</name>
    </assembly>
    <members>
        <member name="T:EchosUtilities.ObjectManagement.ManagedObject">
            <summary>
            Base class for use with <see cref="T:EchosUtilities.ObjectManagement.ObjectManager"/>.
            </summary>
            <remarks>Implements <see cref="M:System.IDisposable.Dispose"/> 
            so that it will release itself back to the appropriate
            pool.
            <p>All derived classes should declare a static 'Create' method that
            calls <see cref="M:EchosUtilities.ObjectManagement.ObjectManager.GetInstance(System.Type)"/> to return an object
            of the derived type; they should also implement at least two constructors--
            a private default constructor and a public constructor with one boolean
            parameter to indicate the desire to get an unpooled instance.  Both should
            call the corresponding base constructor on ManagedObject.</p>
            <p>It is also recommended to make pooled classes sealed/NotInheritable.</p>
            <p>Derived classes should apply the <see cref="T:EchosUtilities.ObjectManagement.ObjectPoolingAttribute"/>
            to control how the objects of the type are pooled.</p>
            <p>Example:
            <pre>
            [C#]
            [ObjectPooling(10, true, 5)]
            public sealed class Tester : ManagedObject
            {
            	public static new Tester Create()
            	{
            		return (Tester)ObjectManager.GetInstance(typeof(Tester), true);
            	}
            	
            	// Hide constructor to prevent default construction
            	private Tester() : base() {}
            	
            	public Tester(bool getUnpooled) : base(getUnpooled) {}
            }
            
            [VB.NET]
            &lt;ObjectPooling(10, true, 5)&gt; _
            Public NotInheritable Class Tester Inherits ManagedObject
            	Public Shared Shadows Function Create() As Tester
            		Return CType(ObjectManager.GetInstance(GetType(Tester), True), Tester)
            	End Function
            	
            	' Hide constructor to prevent default construction
            	Private Sub New()
            		MyBase.New()
            	End Sub
            	
            	Public Sub New(ByVal getUnpooled As Boolean)
            		MyBase.New(getUnpooled)
            	End Sub
            End Class
            </pre>
            </p></remarks>
        </member>
        <member name="M:EchosUtilities.ObjectManagement.ManagedObject.Create">
            <summary>
            Gets a <see cref="T:EchosUtilities.ObjectManagement.ManagedObject"/> instance, creating a pool if one
            does not already exist.
            </summary>
            <returns>A <see cref="T:EchosUtilities.ObjectManagement.ManagedObject"/> instance.</returns>
            <remarks>Subclasses should hide this member with a method that returns
            the subclass type (and creates a pool of the subclass type if necessary).</remarks>
        </member>
        <member name="M:EchosUtilities.ObjectManagement.ManagedObject.#ctor">
            <summary>
            Default constructor disallows creation--should use constructor with one boolean parameter.
            </summary>
            <remarks>Declare matching constructors in derived classes to call these 
            implementations in the base, ManagedObject, class.</remarks>
        </member>
        <member name="M:EchosUtilities.ObjectManagement.ManagedObject.#ctor(System.Boolean)">
            <summary>
            Allows creation of unpooled ManagedObject.
            </summary>
            <param name="getUnpooled">Must be true or exception is thrown.</param>
            <remarks>Declare matching constructors in derived classes to call these 
            implementations.</remarks>
        </member>
        <member name="M:EchosUtilities.ObjectManagement.ManagedObject.Dispose">
            <summary>
            Releases this object for use in its
            <see cref="T:EchosUtilities.ObjectManagement.ObjectManager"/> pool.
            </summary>
            <remarks>Users of classes derived from <see cref="T:EchosUtilities.ObjectManagement.ManagedObject"/>
            should call Dispose when they are done with the instance in order
            to immediately make that object available for use.  If they do not,
            it will not be released until the class is collected by the GC.</remarks>
        </member>
        <member name="M:EchosUtilities.ObjectManagement.ManagedObject.Finalize">
            <summary>
            Destructor/finalizer--releases this object for use in its
            <see cref="T:EchosUtilities.ObjectManagement.ObjectManager"/> pool.
            </summary>
        </member>
        <member name="T:EchosUtilities.ObjectManagement.ObjectManager">
            <summary>
            Manages instances of interface objects.
            </summary>
        </member>
        <member name="F:EchosUtilities.ObjectManagement.ObjectManager.objectPools">
            <summary>
            Contains all pools for the application.
            </summary>
        </member>
        <member name="M:EchosUtilities.ObjectManagement.ObjectManager.#ctor">
            <summary>
            Hidden default constructor.
            </summary>
        </member>
        <member name="M:EchosUtilities.ObjectManagement.ObjectManager.AddPool(System.Type,System.Int32,System.Int32)">
            <summary>
            Creates a pool of the given type and size to 
            be managed by the Object Manager.
            </summary>
            <param name="poolType">Type of object pool to create.</param>
            <param name="poolSize">Number of objects in the pool.</param>
            <param name="timeout">Specifies the creation timeout for 
            getting objects from the pool.</param>
            <remarks>Throws an <see cref="T:System.ArgumentNullException"/> if
            <i>poolType</i> is null.
            <p>Throws an <see cref="T:System.ApplicationException"/> if there is a
            problem adding the newly created pool to the pooling mechanism.</p>
            <p>Does nothing if a pool already exists for the type.</p></remarks>
        </member>
        <member name="M:EchosUtilities.ObjectManagement.ObjectManager.HasPool(System.Type)">
            <summary>
            Gets whether or not a pool exists for the specified type.
            </summary>
            <param name="poolType">Type to check for.</param>
            <returns>Whether or not a pool exists for the specified type.</returns>
        </member>
        <member name="M:EchosUtilities.ObjectManagement.ObjectManager.GetInstance(System.Type)">
            <summary>
            Gets an instance of the specified type if available.
            </summary>
            <param name="type">Type of object to get.</param>
            <returns>An instance of the specified type if available.</returns>
            <remarks>Throws a <see cref="T:System.ArgumentOutOfRangeException"/> if
            there is no pool for the specified type--will not create a new pool
            if none exists for the given type.
            <p>Throws a <see cref="T:System.ArgumentNullException"/> if
            <i>type</i> is null.
            </p></remarks>
        </member>
        <member name="M:EchosUtilities.ObjectManagement.ObjectManager.GetInstance(System.Type,System.Boolean)">
            <summary>
            Gets an instance of the specified type if available.
            </summary>
            <param name="type">Type of object to get.</param>
            <param name="createNewPool">Specifies whether or not to create
            a new pool if none exists.</param>
            <returns>An instance of the specified type if available.</returns>
            <remarks>Throws a <see cref="T:System.ArgumentOutOfRangeException"/> if
            there is no pool for the specified type and <i>createNewPool</i> is false.
            <p>Throws a <see cref="T:System.ArgumentNullException"/> if
            <i>type</i> is null.</p>
            <p>If <i>createNewPool</i> is true, <see cref="T:EchosUtilities.ObjectManagement.ObjectPoolingAttribute"/>
            should be applied on the given <i>type</i>.  If it is not, default values
            will be used for pool size (1), enabled (true), and creation timeout (5).
            </p></remarks>
        </member>
        <member name="M:EchosUtilities.ObjectManagement.ObjectManager.CreateMyPool(System.Type)">
            <summary>
            Creates a pool for the given <i>type</i>.
            </summary>
            <param name="type">Type of object to create pool for.</param>
            <remarks>Expects <see cref="T:EchosUtilities.ObjectManagement.ObjectPoolingAttribute"/> to be
            applied on the given <i>type</i>.  If it is not, default values
            will be used for pool size, enabled, and creation timeout.
            <p>Throws a <see cref="T:System.ApplicationException"/> if pooling
            is not enabled for the object.</p></remarks>
        </member>
        <member name="M:EchosUtilities.ObjectManagement.ObjectManager.ReleaseInstance(System.Object)">
            <summary>
            Releases the specified instance for use.
            </summary>
            <param name="instance"></param>
            <remarks>
            Does nothing if <i>instance</i> is null or no pool exists
            for the instance's type.
            </remarks>
        </member>
        <member name="T:EchosUtilities.ObjectManagement.Tester">
            <summary>
            Tester class.
            </summary>
        </member>
        <member name="M:EchosUtilities.ObjectManagement.Tester.Create">
            <summary>
            Gets an instance of this type from the object pool.
            </summary>
            <returns>An instance of this type from the object pool.</returns>
        </member>
        <member name="M:EchosUtilities.ObjectManagement.Tester.#ctor">
            <summary>
            Tester default constructor
            </summary>
        </member>
        <member name="M:EchosUtilities.ObjectManagement.Tester.#ctor(System.Boolean)">
            <summary>
            Tester constructor to get unpooled instance.
            </summary>
            <param name="getUnpooled">Must be true or exception will be thrown.</param>
        </member>
        <member name="M:EchosUtilities.ObjectManagement.Tester.Main(System.String[])">
            <summary>
            Entry point for tester.
            </summary>
            <param name="args">will be ignored</param>
        </member>
        <member name="T:EchosUtilities.ObjectManagement.ObjectPool">
            <summary>
            Class used by object manager to pool objects.
            </summary>
        </member>
        <member name="M:EchosUtilities.ObjectManagement.ObjectPool.#ctor">
            <summary>
            Hidden default constructor.
            </summary>
        </member>
        <member name="M:EchosUtilities.ObjectManagement.ObjectPool.#ctor(System.Int32)">
            <summary>
            Constructor that sets <see cref="P:EchosUtilities.ObjectManagement.ObjectPool.PoolType"/> to <see cref="T:System.Object"/>,
            and the pool size to <i>poolSize</i> passed.
            </summary>
            <param name="poolSize">Maximum number of objects in this pool.</param>
            <remarks>Pool of <see cref="T:EchosUtilities.ObjectManagement.ManagedObject"/> type will be created
            if no type is specified.</remarks>
        </member>
        <member name="M:EchosUtilities.ObjectManagement.ObjectPool.#ctor(System.Type,System.Int32)">
            <summary>
            Constructor that sets <see cref="P:EchosUtilities.ObjectManagement.ObjectPool.PoolType"/> to <i>poolType</i> passed.
            </summary>
            <param name="poolType">Type of objects to use for this pool.</param>
            <param name="poolSize">Maximum number of objects in this pool.</param>
            <remarks>Creates the number of objects specified in the <i>poolSize</i> 
            of the type specified in <i>poolType</i>.
            <p>Throws a <see cref="T:System.ApplicationException"/> if there is an
            exception while creating the pool.</p></remarks>
        </member>
        <member name="M:EchosUtilities.ObjectManagement.ObjectPool.GetInstance">
            <summary>
            Gets the first available object from the pool.
            </summary>
            <returns>The first available object in the pool.</returns>
            <remarks>Throws a <see cref="T:System.ApplicationException"/> if
            the <see cref="P:EchosUtilities.ObjectManagement.ObjectPool.Timeout"/> is reached before an object becomes available.</remarks>
        </member>
        <member name="M:EchosUtilities.ObjectManagement.ObjectPool.GetInstance(System.Int32)">
            <summary>
            Gets the instance specified by <i>index</i>.
            </summary>
            <param name="index">Index of instance to get.</param>
            <returns>The instance specified by <i>index</i>.</returns>
            <remarks>Throws a <see cref="T:System.ArgumentOutOfRangeException"/> if
            <i>index</i> is greater than <see cref="P:EchosUtilities.ObjectManagement.ObjectPool.PoolSize"/>.</remarks>
        </member>
        <member name="M:EchosUtilities.ObjectManagement.ObjectPool.ReleaseAll">
            <summary>
            Releases all objects for use.
            </summary>
        </member>
        <member name="M:EchosUtilities.ObjectManagement.ObjectPool.ReleaseInstance(System.Object)">
            <summary>
            Releases the specified instance for use.
            </summary>
            <param name="instance">Instance to release.</param>
            <remarks>Throws a <see cref="T:System.ArgumentOutOfRangeException"/> if
            the specified instance cannot be found in the pool.</remarks>
        </member>
        <member name="M:EchosUtilities.ObjectManagement.ObjectPool.ReleaseInstance(System.Int32)">
            <summary>
            Releases the specified object for use.
            </summary>
            <param name="index">Index of object to release.</param>
            <remarks>Throws a <see cref="T:System.ArgumentOutOfRangeException"/> if
            <i>index</i> is greater than <see cref="P:EchosUtilities.ObjectManagement.ObjectPool.PoolSize"/>.</remarks>
        </member>
        <member name="P:EchosUtilities.ObjectManagement.ObjectPool.PoolType">
            <summary>
            Type of objects in this pool.
            </summary>
        </member>
        <member name="P:EchosUtilities.ObjectManagement.ObjectPool.PoolSize">
            <summary>
            Maximum number of objects in this pool.
            </summary>
        </member>
        <member name="P:EchosUtilities.ObjectManagement.ObjectPool.Timeout">
            <summary>
            Timeout (in seconds) to wait for free object from pool.  
            Default is 5 seconds.
            </summary>
        </member>
        <member name="T:EchosUtilities.ObjectManagement.ObjectPoolingAttribute">
            <summary>
            Used to control pooling in the <see cref="T:EchosUtilities.ObjectManagement.ObjectManager"/>.  Example usage at <see cref="T:EchosUtilities.ObjectManagement.ManagedObject"/>.
            </summary>
        </member>
        <member name="M:EchosUtilities.ObjectManagement.ObjectPoolingAttribute.#ctor(System.Int32)">
            <summary>
            Constructor that requires specification of pool size.
            </summary>
            <param name="poolSize"><see cref="P:EchosUtilities.ObjectManagement.ObjectPoolingAttribute.PoolSize"/></param>
        </member>
        <member name="M:EchosUtilities.ObjectManagement.ObjectPoolingAttribute.#ctor(System.Int32,System.Boolean)">
            <summary>
            Constructor that requires specification of pool size and enabled.
            </summary>
            <param name="poolSize"><see cref="P:EchosUtilities.ObjectManagement.ObjectPoolingAttribute.PoolSize"/></param>
            <param name="enabled"><see cref="P:EchosUtilities.ObjectManagement.ObjectPoolingAttribute.Enabled"/></param>
        </member>
        <member name="M:EchosUtilities.ObjectManagement.ObjectPoolingAttribute.#ctor(System.Int32,System.Boolean,System.Int32)">
            <summary>
            Constructor that requires specification of pool size, enabled, and creation timeout.
            </summary>
            <param name="poolSize"><see cref="P:EchosUtilities.ObjectManagement.ObjectPoolingAttribute.PoolSize"/></param>
            <param name="enabled"><see cref="P:EchosUtilities.ObjectManagement.ObjectPoolingAttribute.Enabled"/></param>
            <param name="creationTimeout"><see cref="P:EchosUtilities.ObjectManagement.ObjectPoolingAttribute.CreationTimeout"/></param>
        </member>
        <member name="P:EchosUtilities.ObjectManagement.ObjectPoolingAttribute.CreationTimeout">
            <summary>
            Time to wait (in seconds) while getting object from pool
            before throwing an exception.
            </summary>
        </member>
        <member name="P:EchosUtilities.ObjectManagement.ObjectPoolingAttribute.Enabled">
            <summary>
            Pooling enabled.
            </summary>
        </member>
        <member name="P:EchosUtilities.ObjectManagement.ObjectPoolingAttribute.PoolSize">
            <summary>
            Object pool size.
            </summary>
        </member>
        <member name="T:EchosUtilities.Logging">
            <summary>
            Provides data logging utilities.
            </summary>
        </member>
        <member name="M:EchosUtilities.Logging.#ctor">
            <summary>
            Hide default constructor to prevent instantiation.
            </summary>
        </member>
        <member name="F:EchosUtilities.Logging.ApplicationSourceName">
            <summary>
            Name that this application registers with the event log.
            </summary>
        </member>
        <member name="M:EchosUtilities.Logging.LogData(System.String)">
            <summary>
            Asynchronously logs an informational message.
            </summary>
            <param name="message">Message to log.</param>
        </member>
        <member name="M:EchosUtilities.Logging.LogData(System.String,System.Int32)">
            <summary>
            Asynchronously logs an informational message with a log code.
            </summary>
            <param name="message">Message to log.</param>
            <param name="code">Log code.</param>
        </member>
        <member name="M:EchosUtilities.Logging.LogData(System.String,System.Boolean)">
            <summary>
            Asynchronously logs a message, specifying if an error occured.
            </summary>
            <param name="message">Message to log.</param>
            <param name="isError">Whether or not log indicates error.</param>
        </member>
        <member name="M:EchosUtilities.Logging.LogData(System.String,System.Boolean,System.Int32)">
            <summary>
            Asynchronously logs a message, specifying if an error occured and a log code.
            </summary>
            <param name="message">Message to log.</param>
            <param name="isError">Whether or not log indicates error.</param>
            <param name="code">Log code.</param>
        </member>
        <member name="M:EchosUtilities.Logging.LogData(System.String,System.String,System.Int32)">
            <summary>
            Asynchronously logs an informational message with a related
            database table and primary key value.
            </summary>
            <param name="message">Message to log.</param>
            <param name="tableName">Related Database Table Name.</param>
            <param name="dbId">Related Database Id (primary key value).</param>
        </member>
        <member name="M:EchosUtilities.Logging.LogData(System.String,System.Boolean,System.Int32,System.String,System.Int32)">
            <summary>
            Asynchronously logs the given message for this application.
            </summary>
            <param name="message">Message to log.</param>
            <param name="isError">Whether or not log indicates error.</param>
            <param name="code">Log code.</param>
            <param name="tableName">Related Database Table Name.</param>
            <param name="dbId">Related Database Id (primary key value).</param>
        </member>
        <member name="M:EchosUtilities.Logging.LogData(System.String,System.Boolean,System.Int32,System.String,System.Int32,System.String)">
            <summary>
            Asynchronously logs the given message for this application.
            </summary>
            <param name="message">Message to log.</param>
            <param name="isError">Whether or not log indicates error.</param>
            <param name="code">Log code.</param>
            <param name="tableName">Related Database Table Name.</param>
            <param name="dbId">Related Database Id (primary key value).</param>
            <param name="acctnum" >Related Account Number</param>
        </member>
        <member name="T:EchosUtilities.Logging.Log">
            <summary>
            Represents log data.
            </summary>
        </member>
        <member name="M:EchosUtilities.Logging.Log.#ctor">
            <summary>
            Hide default constructor.
            </summary>
        </member>
        <member name="M:EchosUtilities.Logging.Log.#ctor(System.String,System.Boolean,System.Int32,System.String,System.Int32,System.String)">
            <summary>
            Create new log w/ specified values.
            </summary>
            <param name="message">Message to log.</param>
            <param name="isError">Whether or not log indicates error.</param>
            <param name="code">Log code.</param>
            <param name="tableName">Related Database Table Name.</param>
            <param name="dbId">Related Database Id.</param>
            <param name="acctnum" >Related Account Number</param>
        </member>
        <member name="M:EchosUtilities.Logging.Log.PersistLog">
            <summary>
            Writes the log to a persistent store.
            </summary>
            <remarks>Tries to persist log to the database
            first and uses EventLog as backup.
            <p>Expects an appSettings key of DSN to contain
            the db connection string.</p></remarks>
        </member>
        <member name="M:EchosUtilities.Logging.Log.LogToEventLog">
            <summary>
            Writes log to EventLog.
            </summary>
        </member>
        <member name="P:EchosUtilities.Logging.Log.Message">
            <summary>Message</summary>
        </member>
        <member name="P:EchosUtilities.Logging.Log.IsError">
            <summary>Whether or not log indicates error.</summary>
        </member>
        <member name="P:EchosUtilities.Logging.Log.Code">
            <summary>Log Code</summary>
        </member>
        <member name="P:EchosUtilities.Logging.Log.TableName">
            <summary>Database Table Name</summary>
        </member>
        <member name="P:EchosUtilities.Logging.Log.DbId">
            <summary>Database Primary Key Id</summary>
        </member>
        <member name="P:EchosUtilities.Logging.Log.AcctNum">
            <summary>Account Number</summary>
        </member>
    </members>
</doc>
